depth,density,caliper,mag_suscep,scaler_tmi,total_gamma,lithology
225.0,2.1713056775389443,107.66033598048818,1.122680804625269,22785.499654610805,936.5041290319734,polymict_lithic_breccia
225.5,2.175435449073465,107.62846846601776,1.1256032872311985,21086.64904195376,877.7423779727935,polymict_lithic_breccia
226.0,2.1795495991916236,107.59648294227043,1.128514161376576,19453.11243403522,820.9864398934767,polymict_lithic_breccia
226.5,2.1836481278934197,107.56437940924627,1.131413427061401,17884.88983085519,766.2363147940241,polymict_lithic_breccia
227.0,2.1877310351788535,107.53215786694514,1.1343010842856731,16381.981232413667,713.4920026744362,polymict_lithic_breccia
227.5,2.191798321047926,107.49981831536712,1.1371771330493932,14944.386638710655,662.753503534713,polymict_lithic_breccia
228.0,2.195849985500636,107.46736075451219,1.1400415733525606,13572.106049746151,614.0208173748536,polymict_lithic_breccia
228.5,2.199886028536985,107.43478518438032,1.142894405195176,12265.139465520155,567.293944194859,polymict_lithic_breccia
229.0,2.2039064501569716,107.40209160497156,1.1457356285772387,11023.486886032666,522.5728839947283,polymict_lithic_breccia
229.5,2.207911250360596,107.36928001628586,1.1485652434987494,9847.148311283689,479.85763677446266,polymict_lithic_breccia
230.0,2.2119004291478586,107.3363504183233,1.1513832499597072,8736.123741273215,439.1482025340605,polymict_lithic_breccia
230.5,2.2158739865187598,107.30330281108378,1.1541896479601128,7690.413176001253,400.4445812735231,polymict_lithic_breccia
231.0,2.219831922473298,107.27013719456737,1.156984437499966,6710.016615467799,363.74677299284974,polymict_lithic_breccia
231.5,2.2237742370114746,107.23685356877405,1.1597676185792671,5794.934059672852,329.05477769204083,polymict_lithic_breccia
232.0,2.2277009301332895,107.20345193370378,1.1625391911980154,4945.165508616414,296.36859537109643,polymict_lithic_breccia
232.5,2.2316120018387413,107.16993228935667,1.3353157796451915,4160.7109622984835,265.6882260300162,polymict_lithic_breccia
233.0,2.2355074521278335,107.13629463573258,1.1680475110538553,3441.570420719062,237.01366966880028,polymict_lithic_breccia
233.5,2.2393872810005617,107.10253897283161,1.1707842582909462,2787.7438838781495,210.3449262874489,polymict_lithic_breccia
234.0,2.06924140847895,107.0686653006537,1.3214804855275446,2199.2313517757443,185.6819958859616,polymict_lithic_breccia
234.5,2.107130999584609,107.03467361919894,1.176222927383472,1676.0328244118477,163.02487846433874,polymict_lithic_breccia
235.0,2.2509330391205773,107.0005639284672,1.3118804855275448,1218.1483017864596,142.37357402258024,polymict_lithic_breccia
235.5,2.155869911152956,106.9663362284586,1.1816151626337874,825.5777838995795,123.7280825606861,polymict_lithic_breccia
236.0,2.258552104118777,106.93199051917307,1.1842938675681167,498.3212707512079,107.08840407865625,polymict_lithic_breccia
236.5,2.1829932123096736,106.8975268006106,1.1869609640418934,236.37876234134453,92.45453857649075,polymict_lithic_breccia
237.0,2.253227801325351,106.86294507277124,1.3580653594771253,39.77591036414742,79.82648605418953,polymict_lithic_breccia
237.5,2.318028504497045,106.82824533565497,1.1922603316077902,-91.56424026285727,69.20424651175267,polymict_lithic_breccia
238.0,2.3558627419268747,106.7934275892618,1.1948926026999098,-157.6190476190459,60.587819949180144,polymict_lithic_breccia
238.5,2.409915606374904,104.097525780052,1.3517729225023345,-158.25122391302585,53.977206366471954,polymict_lithic_breccia
239.0,2.2810343851206905,106.7234380686447,1.3126872082166203,-93.62370863034769,49.2410454018821,polymict_lithic_breccia
239.5,2.4505590428531088,106.68826629442077,1.2714233426704027,-21.85508705239414,46.77341814064857,polymict_lithic_breccia
240.0,2.2884035074571,106.65297651091994,1.2053056024628648,-1.0644257703061155,46.8610133946805,polymict_lithic_breccia
240.5,2.2920646365007613,103.95616995876183,1.2360485527544354,-31.413220340359516,47.59288183428252,polymict_lithic_breccia
241.0,2.3563055713335146,106.58204291608753,1.2104424515810275,-106.7966651558375,50.146775191084686,polymict_lithic_breccia
241.5,2.3078157513064044,104.32805909933732,1.1970838468720828,-191.65266106442505,53.91502079634586,polymict_lithic_breccia
242.0,2.3029542951335737,106.51063728414749,1.215532866856981,-279.9061101209655,56.82019198048289,polymict_lithic_breccia
242.5,2.262979273884075,105.15216037513632,1.218060661804129,-363.80095026616675,58.591349095213104,polymict_lithic_breccia
243.0,2.3101359604736387,106.43875961509981,1.1785023342670409,-395.85434173669273,57.228267001269735,polymict_lithic_breccia
243.5,2.229836260480841,106.40264376666057,1.2230814263167682,-368.51386680168815,58.03537162528238,polymict_lithic_breccia
244.0,2.200235882330729,105.68912275668148,1.2114031746031753,-272.5719420426513,56.23713676250911,polymict_lithic_breccia
244.5,2.320791297861023,106.33005804195142,1.2280557569871977,-55.51820728291205,54.938118993440185,polymict_lithic_breccia
245.0,2.1463490789101893,106.29358816568146,1.252909056956116,257.5910364145675,54.51373102240974,polymict_lithic_breccia
245.5,2.1140778859012794,105.56832203244694,1.2995376283846882,444.5636340888169,51.84363448442568,polymict_lithic_breccia
246.0,2.057492590784025,106.22029438531084,1.2354301895386985,489.1067802919761,52.24521699151778,polymict_lithic_breccia
246.5,2.3347797145484663,106.18347048121014,1.3382199813258635,495.8263305322144,51.3042746894351,polymict_lithic_breccia
247.0,2.3382377651794233,106.14652856783253,1.240288435603604,482.78607614549696,50.88143498953934,polymict_lithic_breccia
247.5,2.341680194394017,104.99530917298884,1.242700145945228,451.4901141926855,49.99618672254251,polymict_lithic_breccia
248.0,2.022661290267976,106.07229071324662,1.355887208216621,414.14565826330727,49.62904105773258,polymict_lithic_breccia
248.5,2.3485181885741193,105.25788736153008,1.319060317460318,372.60226349930815,50.08559967659392,polymict_lithic_breccia
249.0,2.3519137535396273,105.99758082155303,1.2886468720821664,329.35719801281607,49.468546365385464,polymict_lithic_breccia
249.5,2.0354479893847133,105.96004886179088,1.2522309027062009,298.43137254902103,49.67519733784828,polymict_lithic_breccia
250.0,2.3586580192215583,106.27415244211056,1.2441964519141004,282.22595887031247,49.72325239845634,polymict_lithic_breccia
250.5,2.3620067199379804,105.8846309144358,1.2569266303233726,279.6849194923308,50.402996615870435,polymict_lithic_breccia
251.0,2.365339799238041,105.8467449268429,1.25925708144113,284.81792717086864,50.40554631307728,polymict_lithic_breccia
251.5,2.1148805142008147,106.03002113554231,1.2564989729225031,296.5935145734198,51.605022296683416,polymict_lithic_breccia
252.0,2.2053768549734443,105.77061892382639,1.2638831582949874,314.94332200353404,49.42864651970627,polymict_lithic_breccia
252.5,2.301270179139502,105.73237890840277,1.2661787840310874,339.27170868347457,48.34417360572797,polymict_lithic_breccia
253.0,2.378515902274663,105.37447165559936,1.2684628013066355,369.49590261326244,45.24415285105815,polymict_lithic_breccia
253.5,2.350880911102172,105.65554484972478,1.285137628384688,405.60177309139465,45.86673799384957,polymict_lithic_breccia
254.0,2.385010225294803,105.61695080647038,1.2729960104760738,444.2777647472147,44.980606716471705,polymict_lithic_breccia
254.5,2.39599415690365,105.57823875393912,1.2635981325863683,482.212885154062,44.48402064382207,polymict_lithic_breccia
255.0,2.492314165654232,105.53940869213093,1.2375813258636796,519.3913147784469,44.37697977590065,polymict_lithic_breccia
255.5,2.3946345492022973,106.20110278949753,1.207167880485528,555.7852477363931,44.65948411270745,polymict_lithic_breccia
256.0,2.5878084820736813,105.4613945406838,1.163725863678806,591.1204481792738,45.331533654242484,polymict_lithic_breccia
256.5,2.4009726580588167,106.8604470565892,1.2841258853400022,625.3749211876302,46.393128400505745,polymict_lithic_breccia
257.0,2.4041182803625336,105.38290835212905,1.1312956115779649,656.5516160486775,49.55301284455669,polymict_lithic_breccia
257.5,2.5367308777015154,105.34348824393629,1.288496576061707,672.8011204481809,49.68495350721693,polymict_lithic_breccia
258.0,2.477447090887548,107.49955245888768,1.290664508731731,672.1603177460725,51.94176443866539,polymict_lithic_breccia
258.5,2.4181356272356647,105.26429399972005,1.2928208329412023,655.1653642837633,54.534959432841006,suevite
259.0,2.416544555413782,105.22451986369657,1.1011443510737635,625.154061624653,55.963708501079424,suevite
259.5,2.419612070635689,107.56374760815368,1.088956115779646,582.5460470595501,60.235094709612014,suevite
260.0,2.3859363940053333,105.14461756381885,1.1488256956115783,533.1139134382418,61.78520921373978,suevite
260.5,2.2942787023617472,107.55225783595336,1.3013300451735637,510.57422969187974,62.537050530933975,suevite
261.0,2.4287208878032387,105.0642432268335,1.3034283270802733,520.880100666715,62.148191845389334,suevite
261.5,2.431725917359698,105.02387904442546,1.1474300653594778,551.5506003754648,60.73277542904094,suevite
262.0,2.4347153254997957,108.12004533374238,1.3075900655120347,529.8599439775935,59.71063956056781,suevite
262.5,2.437689112223531,109.66511099176245,1.3096535220370873,443.03458467185936,54.580454456419375,suevite
263.0,2.251465709311427,104.90207844153986,1.178246872082167,346.0784313725526,51.109805122819324,suevite
263.5,2.443589821421916,104.86124222202413,1.3137456097055342,294.13550553015244,42.85789256749436,shale_slate_phyllite_schist
264.0,2.4465167438965656,108.9282898203842,1.315774240848929,243.9775910364151,43.47229342429154,shale_slate_phyllite_schist
264.5,2.3501405556879447,107.39414170475631,1.1872687208216623,152.89020606488143,42.18745422142052,shale_slate_phyllite_schist
265.0,2.4199207832811824,105.59962902642394,1.319796677754062,26.16246498599503,43.50623306910725,shale_slate_phyllite_schist
265.5,2.4784434570524887,104.69701365659017,1.3217904835157999,-131.53290742850862,41.91381222166205,shale_slate_phyllite_schist
266.0,2.546016456822005,104.40911996926432,1.130892250233427,-259.71988795517973,42.05641336950292,shale_slate_phyllite_schist
266.5,2.460917035024384,104.61493233170651,1.0830939309056964,-297.96945848247276,41.67244396655914,shale_slate_phyllite_schist
267.0,2.584833221997817,104.57393695939777,1.327702250037699,-246.90884753911624,42.46616193298907,shale_slate_phyllite_schist
267.5,2.4665678015609775,104.30876893133126,1.3296496219572271,-109.97198879551796,42.73330934863433,shale_slate_phyllite_schist
268.0,2.616454009315725,104.49203679504643,1.331585385416203,94.22969187675336,43.04197218688107,shale_slate_phyllite_schist
268.5,2.657014415280184,104.45113200300386,1.3335095404146264,245.3055384776685,42.024549190234495,metagreywacke
269.0,2.4749267907431536,104.08487648955624,1.0633292250233426,366.49859943977935,45.471138922924325,metagreywacke
269.5,2.7151703709491146,103.59281908927105,1.337323025029816,499.79231423075385,43.50669284161999,metagreywacke
270.0,2.480421343116128,104.32859878740838,1.0925325863678816,577.5070028011214,41.39507805923,metagreywacke
270.5,2.483145187178072,104.287814769054,1.131860317460318,532.3044726127762,38.78307735907248,metagreywacke
271.0,2.708590202734819,104.24706094412164,1.3429561884984575,420.9523809523817,36.17107665891493,metagreywacke
271.5,2.6493340927587656,104.20633731261138,1.1842972922502335,299.61542076838884,33.23465196335846,metagreywacke
272.0,2.491222990865732,103.37735950782653,1.241090569561159,189.5238095238128,32.534484504445615,metagreywacke
272.5,2.598201134710771,104.12498062985696,1.3484848758221275,112.3613405857208,31.533502079634616,metagreywacke
273.0,2.496530086242363,104.08434757861282,1.2819241830065362,68.59447260200116,31.78275352665193,metagreywacke
273.5,2.499160201806135,103.8249335698683,1.3521126250684787,60.19607843137419,32.17977116488408,metagreywacke
274.0,2.557917497125461,104.00317205639071,1.3362435107376287,87.60565695572268,34.009587948955215,metagreywacke
274.5,2.5043735686845943,103.4091935555742,1.3556939404726205,142.5338712394642,33.87950289074057,metagreywacke
275.0,2.5069568199992807,103.92211730785681,1.357467185483863,175.91036414566042,33.90207736863328,metagreywacke
275.5,2.5392494699517822,103.88163522372297,1.3714166199813267,179.4142068407843,32.15037825177333,metagreywacke
276.0,2.512076458379568,102.82216106581664,1.36097885012469,155.12534795824206,32.27640550935388,metagreywacke
276.5,2.471925561723501,103.80076163572136,1.3627172697542755,114.64985994398012,31.87582269192588,metagreywacke
277.0,2.5171336110944074,103.7603701318536,1.420667040149393,60.091310004261885,32.87867136772442,metagreywacke
277.5,2.4207926036755065,102.8452460209714,1.4556788048552756,-7.719448129789862,32.522995041365334,metagreywacke
278.0,2.5221282781437986,103.67967770438432,1.3678628778797162,-82.74509803921319,33.33153626232573,metagreywacke
278.5,2.431724954651938,103.63937678078277,1.346972922502335,-164.24175714179972,35.101284703198715,metagreywacke
279.0,2.485777819099968,103.48435142326986,1.290421661998133,-251.96897374124703,37.114598526263144,metagreywacke
279.5,2.529503118095172,103.55886551384577,1.3729040098601855,-329.89761455938964,39.02316587898946,metagreywacke
280.0,2.547953835476056,104.24678740790202,1.3745611702659037,-301.37197653463005,42.01406043570883,metagreywacke
280.5,2.534341570980944,103.478475020597,1.3762067222110692,-150.8123249299715,44.15932551490752,shale_slate_phyllite_schist
281.0,2.5926450094993303,103.4383250641057,1.3778406656956828,94.22969187675336,44.81611361069819,shale_slate_phyllite_schist
281.5,2.5391175382012676,103.88586098575622,1.379463000719744,250.89748630788085,45.21479802740477,shale_slate_phyllite_schist
282.0,2.541482089686887,103.35811573138922,1.385399813258637,343.80952380952294,44.91765276353848,shale_slate_phyllite_schist
282.5,2.626569893573664,103.28512509796158,1.3869863678804863,425.34367828662084,44.00748251924175,shale_slate_phyllite_schist
283.0,2.546164328409039,103.27802717236095,1.3842603550286126,494.53191182032924,42.72571470247473,shale_slate_phyllite_schist
283.5,2.5484820156455723,103.2380281829799,1.3858362562104642,493.9833496586721,41.30343421945734,shale_slate_phyllite_schist
284.0,2.668590252738139,103.19805938702088,1.3349930905695615,366.49859943977935,41.267190784593225,shale_slate_phyllite_schist
284.5,2.553070525869553,103.65764670306184,1.3889532331925103,135.0700280112069,44.15973111093291,shale_slate_phyllite_schist
285.0,2.555341348857,103.11821237536901,1.3656888888888892,-46.256635019984785,48.42564868762139,shale_slate_phyllite_schist
285.5,2.693098092711888,103.07833415967617,1.3920237763323464,-178.03921568627266,52.01735762302423,shale_slate_phyllite_schist
286.0,2.5598361305828097,103.6807316582166,1.393541635211436,-284.07019752470643,54.22172880564796,shale_slate_phyllite_schist
286.5,2.562060089321171,102.99866830855663,1.3950478856299733,-341.4005602240868,54.95288754416949,shale_slate_phyllite_schist
287.0,2.682966063631832,103.29208220773424,1.466367880485528,-327.6132707520877,54.960626609983116,shale_slate_phyllite_schist
287.5,2.5664611425488078,102.91912323112528,1.3980255610853904,-250.07639342106103,54.07474148350048,shale_slate_phyllite_schist
288.0,2.568638237038084,102.63558403100411,1.5068653594771249,-150.8123249299715,52.54379814727696,shale_slate_phyllite_schist
288.5,2.66158109353616,102.83981466938192,1.4009568026985975,-37.04673284817181,50.24684283130373,shale_slate_phyllite_schist
289.0,2.5729455617675487,102.22637948346616,1.4024050108143726,73.80952380952658,48.08871645255637,shale_slate_phyllite_schist
289.5,2.627566259738604,102.7614370753252,1.4038416104695957,164.4483998652323,48.21850082935328,shale_slate_phyllite_schist
290.0,2.581774931408207,102.68048901226408,1.521346031746032,227.07004417185024,48.00928204224545,shale_slate_phyllite_schist
290.5,2.5792893882390326,103.29809062071972,1.406679984398384,216.750700280114,46.705444891767314,shale_slate_phyllite_schist
291.0,2.5522483581592024,102.64583326490217,1.4080817586719492,125.45910270527152,48.62012006650444,shale_slate_phyllite_schist
291.5,2.5834404988048782,102.60782201627103,1.5311208216619985,44.31372549019579,48.87875392428912,shale_slate_phyllite_schist
292.0,2.5854926219632586,103.85529186705811,1.410850481837423,64.04955499185817,49.66678269277256,shale_slate_phyllite_schist
292.5,2.5875291237052767,102.53258455127357,1.4827040149393094,184.453060788915,49.30245133116885,shale_slate_phyllite_schist
293.0,2.551129752626804,102.49535833490724,1.4135727711606876,311.0302618249959,50.64046989739359,shale_slate_phyllite_schist
293.5,2.591555262940227,102.93220989312977,1.4567275443510743,348.34733893557495,49.675609397126095,shale_slate_phyllite_schist
294.0,2.593544900433159,102.09788377418002,1.4242166199813262,299.01027602377474,50.00095595241916,shale_slate_phyllite_schist
294.5,2.5230170045146245,102.38524975033792,1.4175691416914409,-91.82072829131478,50.44355454614309,shale_slate_phyllite_schist
295.0,2.597477311169938,102.349070243658,1.4188780482805872,-954.0056022408947,49.49109916397859,shale_slate_phyllite_schist
295.5,2.5582357807614846,101.33239087767804,1.4201753464091813,-1430.6765177121883,51.68050784888352,metagreywacke
296.0,2.596070018191313,102.27749626256302,1.4214610360772229,-1593.837535014001,53.21496253323667,metagreywacke
296.5,2.603258766652391,102.24210178814793,1.4174804855275456,-1640.486835944051,52.81946656277551,metagreywacke
297.0,2.6051546756471513,100.90294746534688,1.4239975900316486,-1589.1161363408194,52.147317120938034,metagreywacke
297.5,2.607034963225549,102.1720978715826,1.425248454318033,-1566.6106442577002,50.61680244721731,metagreywacke
298.0,2.6088996293875866,102.1374884294323,1.455517460317461,-1594.3665340525283,48.01033799271502,metagreywacke
298.5,2.666645954874609,100.55604067350056,1.4277153575091446,-1668.5242479585813,46.43133167171088,metagreywacke
299.0,2.6125820974625733,102.06905457739659,1.428931396413872,-1770.812324929968,44.96761738057731,metagreywacke
299.5,2.6143998993755235,101.58537668759332,1.4917796451914098,-1934.1736694677857,43.43110011993571,metagreywacke
300.0,2.6162020798721124,102.00166743504728,1.431328648841669,-2369.803921568626,42.936336047969625,metagreywacke
300.5,2.668216615426286,102.16250056646254,1.4325098623647394,-2400.434173669466,42.96930951130673,metagreywacke
301.0,2.619759576616204,101.9353270023844,1.4336794674272566,-2287.308771324155,44.24940899450794,metagreywacke
301.5,2.621514892863707,101.34219407781228,1.4348374640292219,-2101.1310187584245,45.93064731231195,metagreywacke
302.0,2.6697872759779635,101.87003327940793,1.4359838521706345,-1995.434173669466,48.038804939384136,metagreywacke
302.5,2.6249786611096266,100.72743855971814,1.4371186318514948,-1995.2781668393968,49.60027398466726,metagreywacke
303.0,2.626687113108044,101.8057862661179,1.491376283846873,-2088.0543293807714,51.7867956956982,metagreywacke
303.5,2.64842075710757,101.77405527560529,1.4523309056956115,-2197.366946778708,51.46294243196746,metagreywacke
304.0,2.6300571528557914,100.57891480714704,1.4404533201307619,-2310.2951094525015,51.764141833984525,metagreywacke
304.5,2.66747626001206,101.71137832684488,1.4415416659694127,-2397.030812324927,49.84578796895968,metagreywacke
305.0,2.737720074640375,101.2659821025753,1.4426184033475113,-2427.8287769138433,51.55982238576579,metagreywacke
305.5,2.7863482788570613,101.64974808777089,1.4436835322650572,-2398.0266939658513,51.96140631755635,metagreywacke
306.0,2.864646053318647,101.61932548436631,1.3511678804855274,-2281.3165266106407,54.5858753636235,metagreywacke
306.5,2.9402730129214323,101.67898143726198,1.445778964718492,-2072.680878172144,53.629967870873855,metagreywacke
307.0,2.639792358106349,101.55926530982194,1.3005460317460322,-1872.9131652661051,53.70565546624751,metagreywacke
307.5,2.641360217357508,100.8583587163493,1.4478279633297173,-1782.8954366032744,51.9904834004318,metagreywacke
308.0,2.6429124551923056,101.50025184496403,1.2717325863678814,-1789.5300583029893,51.74419928134796,metagreywacke
308.5,2.644449071610741,100.30526848942203,1.4498305280987327,-1818.4593837534997,50.12296933476699,metagreywacke
309.0,2.6459700666128145,101.44228508979249,1.4508143977924122,-1856.9749074634979,46.85658439815626,metagreywacke
309.5,2.984777368288782,101.41369422833914,1.4517866590255388,-1902.8435522547497,44.244583697998735,metagreywacke
310.0,2.918283765197952,100.67062216324132,1.2815073762838471,-1940.98039215686,41.092799046452114,metagreywacke
310.5,2.880615588795612,101.35729753769725,1.4536963561101353,-1968.9207080756316,39.27087585048487,metagreywacke
311.0,2.651897832457489,100.02192438231693,1.2817493930905703,-1986.6315903960813,37.48026035024549,metagreywacke
311.5,2.6533407203777526,101.3019475567418,1.4555596193525222,-2003.6448488799554,35.879055513290176,metagreywacke
312.0,2.849326923532684,101.27466508239645,1.456473838282887,-2029.4677871148413,34.651499909968685,metagreywacke
312.5,2.6561796319691946,99.6955726875262,1.4573764487526997,-2064.1410140082357,34.14868612104391,metagreywacke
313.0,2.657575655640372,101.22088516597063,1.4582674507619595,-2105.9815207316497,33.10898370542928,metagreywacke
313.5,2.815817192027076,101.19438772389012,1.3193023342670402,-2145.182072829128,32.79402310421136,metagreywacke
314.0,2.660320838733642,101.16815195923121,1.3847275443510738,-2179.9993840771776,32.78326083702797,metagreywacke
314.5,2.661669998155734,99.75976783679222,1.4608708060264253,-2208.6956704658114,33.3583870537538,metagreywacke
315.0,2.663003536161464,101.11646546217821,1.456068720821663,-2220.0560224089604,33.67433130476475,metagreywacke
315.5,2.799847656550111,101.09101472978412,1.4819376283846877,-2212.689546425042,34.57616403968492,metagreywacke
316.0,2.6656237479238376,100.0706241507256,1.4633696851459197,-2138.3753501400533,34.84736032273932,metagreywacke
316.5,2.666910421680482,101.04089829726078,1.464179427931313,-1961.4005602240868,37.36546317668779,metagreywacke
317.0,2.858086642732788,101.0162325971315,1.4593897292250242,-1770.812324929968,37.4787378826903,metagreywacke
317.5,2.6694369049446847,100.381480464659,1.4657640881204423,-1580.2240896358526,42.150913997316096,metagreywacke
318.0,2.6706767144522434,100.96768622913777,1.497346031746032,-1362.4089635854325,47.31249422786796,metagreywacke
318.5,2.8326723863173218,100.1778268876772,1.467302314467362,-1103.753501400559,47.747453202503024,shale_slate_phyllite_schist
319.0,2.6731094692182737,100.92018657083044,1.4680540149499932,-944.8557970042922,50.22058292760758,shale_slate_phyllite_schist
319.5,2.674302414476746,99.54251627252748,1.5513561157796456,-854.1736694677857,52.5655609178732,shale_slate_phyllite_schist
320.0,2.8117279392251326,100.87373362220956,1.628519140989729,-780.2335373869178,53.79463604286228,shale_slate_phyllite_schist
320.5,2.6766414407446053,100.85089966403154,1.4702394656345728,-727.5810896808582,54.89555943301244,shale_slate_phyllite_schist
321.0,2.677787521753991,100.8283273832751,1.4709447322749944,-722.577030812321,55.53908071151113,shale_slate_phyllite_schist
321.5,2.811527282150249,99.7711521982384,1.6520351073762836,-767.5566541586923,55.72519987835835,shale_slate_phyllite_schist
322.0,2.680032819523679,100.78396785402705,1.4723204401741805,-1035.6862745098006,55.45391693355411,shale_slate_phyllite_schist
322.5,2.681132036283979,100.76218060553543,1.472990881432945,-1621.064425770305,54.72523187709842,shale_slate_phyllite_schist
323.0,2.682215631627918,100.49311045328412,1.6276586367880492,-1983.1859175522081,51.63381077409088,shale_slate_phyllite_schist
323.5,2.8671231303120406,100.71939114081702,1.474296938568817,-2135.6526610644214,51.89565542923262,metagreywacke
324.0,2.6843359580667094,100.69838892459023,1.6492720821662,-2171.0762229206484,50.34165103815028,metagreywacke
324.5,2.8322087992822453,100.82452186427314,1.5698704014939313,-2099.106939871184,48.005659597419815,metagreywacke
325.0,2.6863937988400535,100.65716952440143,1.5220317460317467,-1988.627450980388,47.956082785293376,metagreywacke
325.5,2.7486662640357644,100.23032144323464,1.458986367880486,-1866.1064425770276,47.67037875761308,metagreywacke
326.0,2.688389153947949,100.61699683389907,1.4773589333488295,-1832.5857355472322,49.12420235820906,metagreywacke
326.5,2.665179082465113,100.5973030047803,1.377547712418301,-1886.4011097126263,51.52004092587501,metagreywacke
327.0,2.690322023390397,100.57787085308311,1.4785024720369677,-1927.366946778708,53.86115889510804,metagreywacke
327.5,2.6912650259870783,100.55870037880756,1.4790568286902084,-1938.2336351932559,54.317054420827674,metagreywacke
328.0,2.6330093711952243,100.5397915819536,1.4442367880485527,-1919.4661734981937,53.23360122694274,metagreywacke
328.5,2.693104166931355,100.070940382988,1.5205796451914102,-1870.644257703076,50.76344589788843,metagreywacke
329.0,2.6940003052789496,100.5027590205105,1.5947376283846877,-1792.502572858556,48.61129745859486,metagreywacke
329.5,2.694880822210183,100.48463525592135,1.4811581706976464,-1634.6778711484549,44.52970034924528,metagreywacke
330.0,2.630541519814469,100.46677316875382,1.7147577964519147,-1362.4089635854325,43.27133535540416,metagreywacke
330.5,2.696594991823564,100.19680082342086,1.4821391909380508,-1090.1400560224065,42.82855046552143,metagreywacke
331.0,2.6974286445057114,100.43183402668355,1.749809897292251,-772.4929971988786,40.90598375653611,metagreywacke
331.5,2.6469538846980747,100.41475697178082,1.4830737773362461,-614.7520509922356,40.907780904154386,metagreywacke
332.0,2.69904908562092,100.03488990507508,1.483523657844515,-624.4027485748752,41.69922668314087,metagreywacke
332.5,2.699835874053982,100.38138789424019,1.4839619298922315,-668.1232492997187,41.95645336867466,shale_slate_phyllite_schist
333.0,2.679557199761965,100.36509587160229,1.689265359477124,-723.0013724555843,46.38185133321666,shale_slate_phyllite_schist
333.5,2.701362586671019,100.44852170428656,1.4848036486060074,-789.5300708042047,51.78605752961087,shale_slate_phyllite_schist
334.0,2.7021025108549943,100.3332968585913,1.6523577964519136,-849.7776181369655,55.451020893551885,shale_slate_phyllite_schist
334.5,2.666286155981714,100.3177898682182,1.614401493930906,-885.9383753501388,57.44396218315788,shale_slate_phyllite_schist
335.0,2.70353549497386,100.5743821447194,1.4859791632225283,-898.1270338907968,58.5228976665833,shale_slate_phyllite_schist
335.5,2.7042285549087497,100.28756091973685,1.4863477845069304,-886.2289023118674,59.1092789652066,shale_slate_phyllite_schist
336.0,2.646268882959678,100.27283896162857,1.5569225023342668,-860.5644765789459,59.42925987513857,shale_slate_phyllite_schist
336.5,2.705567810529444,100.65913239104104,1.50916451914099,-831.4845938375329,59.39822485478641,shale_slate_phyllite_schist
337.0,2.706214006215247,100.24411015101768,1.4873839975968228,-798.7835391008418,59.10078944574293,shale_slate_phyllite_schist
337.5,2.6464902976629983,100.2299634451968,1.4592283846872087,-775.4876439095551,59.52766664166106,shale_slate_phyllite_schist
338.0,2.7074595333377696,100.76443773441824,1.4244989729225024,-838.2913165266073,56.59124194610456,shale_slate_phyllite_schist
338.5,2.7080588647744874,100.20203550586507,1.488315734541743,-1000.497331700432,56.24607406222421,metagreywacke
339.0,2.7086425747948435,100.1882542723542,1.4886030966022787,-1199.0476190476147,52.67877714152351,metagreywacke
339.5,2.6723473834851026,100.7460962631994,1.4477124183006542,-1370.628028734377,51.44154719269919,metagreywacke
340.0,2.7097631305864702,100.16105727764247,1.5391521942110178,-1491.7366946778675,50.077848932676545,metagreywacke
340.5,2.7102999763577404,100.1724509392165,1.642798132586368,-1539.7530722533197,43.542310936627445,metagreywacke
341.0,2.6968552234588508,100.13434757934404,1.4896364602388963,-1444.0896358543396,40.33823559569517,metagreywacke
341.5,2.7113268036511946,100.12117546634985,1.4898657799966695,-1171.8207282913136,39.57439140473275,metagreywacke
342.0,2.711816785173379,99.61967694455164,1.4900834912938905,-981.2324929971984,38.56939095102301,metagreywacke
342.5,2.6741394587401004,100.09519671267144,1.781614939309057,-736.1904761904734,39.48009068707128,metagreywacke
343.0,2.7127498839686623,100.08239007198723,1.4904840885066755,-518.3753501400533,41.77597176031276,metagreywacke
343.5,2.713193001241761,99.74553738498447,1.80468720821662,-334.5938375350124,49.965001792069906,metagreywacke
344.0,2.6662653983532776,100.05714226292883,1.4908382518772505,-278.2686783938137,56.6798218765889,metagreywacke
344.5,2.7140323715388717,100.04470109455464,1.7671409897292252,-361.957300036393,61.10521984113095,shale_slate_phyllite_schist
345.0,2.714428624562884,100.09750389302911,1.820236788048553,-498.41597707427604,62.2102405843386,shale_slate_phyllite_schist
345.5,2.661089829663169,100.02018423011621,1.4912824334789705,-600.0560224089604,63.069428504222955,shale_slate_phyllite_schist
346.0,2.715174266361824,100.00810853405201,1.7789729225023343,-666.425471531871,63.82116355346621,shale_slate_phyllite_schist
346.5,2.7155236551367503,100.209766346179,1.4915205122440214,-709.4200270312369,62.656064625438994,shale_slate_phyllite_schist
347.0,2.65181116975216,99.98432261423359,1.820559477124183,-797.4509803921537,60.8126292582498,shale_slate_phyllite_schist
347.5,2.7161755684375177,99.9726123904794,1.694388048552755,-942.2635161641865,59.40038112191813,metagreywacke
348.0,2.61015060948058,100.4725553562285,1.5355040149393089,-1117.3669467787076,55.80998541338471,metagreywacke
348.5,2.716764996072838,99.94955741528096,1.5050905695611585,-1296.8311529104462,54.61397181032399,metagreywacke
349.0,2.717036277765955,99.93821266383677,1.4463611577964524,-1430.4761904761872,55.372480863785995,metagreywacke
349.5,2.598228811548686,100.49564031138328,1.3898502334267049,-1467.7897146752132,59.670446417110526,shale_slate_phyllite_schist
350.0,2.717531976903103,99.91588863325836,1.4919881214143005,-1421.906027952996,60.088914027382394,shale_slate_phyllite_schist
350.5,2.717756394347134,99.90490935412416,1.3312821661998138,-1369.2156862745069,56.61034199361524,shale_slate_phyllite_schist
351.0,2.590354751161862,100.8472905871655,1.4920172478894087,-1322.7331631941565,52.853168879664594,shale_slate_phyllite_schist
351.5,2.7181583649861105,99.88331626816574,1.3662535947712424,-1282.0882235019094,48.768803647487374,shale_slate_phyllite_schist
352.0,2.7183359181810554,100.27301279865785,1.4273628384687216,-1246.6946778711465,44.193650237970246,shale_slate_phyllite_schist
352.5,2.6000208868036827,99.86221047862067,1.4971846872082168,-1216.245652484483,40.43924524684724,shale_slate_phyllite_schist
353.0,2.71864416032186,99.8518403200031,1.491936199312996,-1191.0681017500021,38.67395170909834,shale_slate_phyllite_schist
353.5,2.71877484926772,99.8415919854889,1.5766468720821658,-1171.8207282913136,37.283611454059304,shale_slate_phyllite_schist
354.0,2.7188899167972167,100.0503852859324,1.491826024261475,-1159.0377586507532,36.9901494943313,shale_slate_phyllite_schist
354.5,2.612385514142217,99.82146078877048,1.6076250233426703,-1139.361131252246,38.66736982487728,shale_slate_phyllite_schist
355.0,2.588237473061364,99.81157792656629,1.491669415367745,-1035.6862745098006,39.693860460808374,shale_slate_phyllite_schist
355.5,2.719141390887537,100.2584661145877,1.6480821661998135,-858.711484593834,41.13791944854262,shale_slate_phyllite_schist
356.0,2.619353158087322,99.79217767446787,1.6155309056956124,-767.4581337216376,47.57823401932104,shale_slate_phyllite_schist
356.5,2.7192309331992743,99.78266028457365,1.4913474385730063,-766.5627616902683,50.79156227072826,shale_slate_phyllite_schist
357.0,2.599252854551541,100.0760000991863,1.5547443510737633,-742.9971988795478,54.56940503279907,shale_slate_phyllite_schist
357.5,2.719257989845564,99.76399097709526,1.5177964519140996,-677.2411089936784,54.988441353287875,shale_slate_phyllite_schist
358.0,2.719248086044166,99.75483905951103,1.480848552754436,-579.2028618456915,55.17884277364881,shale_slate_phyllite_schist
358.5,2.7192225608264056,100.09908505434107,1.4907556177322885,-504.76190476190095,52.30120518783397,metagreywacke
359.0,2.7191814141922834,99.73690069665261,1.4560418300653597,-463.4712622615949,51.74356937253296,metagreywacke
359.5,2.719124646141799,99.72811425137841,1.490390056548615,-455.13289664104843,48.71870062430716,metagreywacke
360.0,2.7190522566749533,100.12153754497106,1.4901898632659496,-481.83147572706457,45.45231568769643,metagreywacke
360.5,2.580889272594927,99.71090683313997,1.4912149393090566,-545.6022408963581,42.35414034824507,metagreywacke
361.0,2.718860613492175,100.88397352960322,1.489754651318962,-646.3954337954708,41.16439223650275,metagreywacke
361.5,2.7187413597762435,99.69418671131488,1.4895196326546394,-763.4173669467746,41.43836269644975,metagreywacke
362.0,2.600000129175246,99.68600938655733,1.4845998132586375,-876.0257916010056,41.883651738307805,metagreywacke
362.5,2.718455988095293,100.31096067014512,1.5319544351073766,-954.0056022408936,45.14617282806867,metagreywacke
363.0,2.718289870130276,99.67002020935226,1.6286267040149394,-967.0079569199398,46.232787918948446,metagreywacke
363.5,2.6366511817842087,99.66220835690471,1.5865292250233427,-924.2322301869859,48.94272864097786,metagreywacke
364.0,2.7179107699511547,100.2312701400218,1.4881704124247408,-879.1316526610608,52.54784493177635,metagreywacke
364.5,2.717697787737051,99.64695012431962,1.5693863678804858,-840.8618544800261,52.10019249970503,metagreywacke
365.0,2.6273725218731983,99.63950374418206,1.5171914098972925,-806.8841578037104,53.439264946250375,metagreywacke
365.5,2.7172249590597577,99.88436334817548,1.4595510737628388,-763.4173669467746,53.38243396430866,metagreywacke
366.0,2.58975969914669,99.62497645621698,1.3823073762838476,-707.968096215423,55.42902348318319,metagreywacke
366.5,2.7166896447170163,99.61789554838944,1.3160149393090572,-640.7109487739526,56.83455994265378,metagreywacke
367.0,2.7163985554211028,99.61093646466524,1.4861682689506337,-590.5683499241288,55.31621833228471,metagreywacke
367.5,2.6034735723335807,99.88689320627464,1.4857939487596823,-586.4425770308117,53.90643961558021,metagreywacke
368.0,2.7157695125801897,99.59738376952679,1.4854080201081785,-628.5686770690166,52.89178210303359,metagreywacke
368.5,2.715431559035191,99.59079015811258,1.3229325863678802,-681.7366946778675,50.64559092462474,metagreywacke
369.0,2.5902025285533297,99.97164345259624,1.484601337423514,-710.7909402216578,48.7818517060287,metagreywacke
369.5,2.7147087876961065,99.57796840759417,1.4841805833903532,-715.925761381526,47.06308636109793,metagreywacke
370.0,2.714323969902021,99.57174026848996,1.48374822089664,-700.8497326572384,46.743248604862956,metagreywacke
370.5,2.5706073273094976,99.85084272836173,1.4833042499423743,-688.2029964096693,46.73549613169433,metagreywacke
371.0,2.713507470064765,99.55964946259154,1.4828486705275563,-681.7366946778675,48.391231693797806,metagreywacke
371.5,2.5338663249773115,99.55378679579731,1.4823814826521857,-681.5174725251245,47.24367179853916,metagreywacke
372.0,2.7126284845620603,99.97670316879456,1.481902686316263,-686.2431237769363,44.80595900744338,metagreywacke
372.5,2.712165559686166,99.54242693451889,1.2976014939309062,-688.5434173669455,40.56076583898047,metagreywacke
373.0,2.4895626266848465,99.53692974003467,1.4809102682627602,-687.1200304444764,39.123405209084865,metagreywacke
373.5,2.71119284568529,99.97891679463132,1.3359208216619989,-680.7130700796681,37.46628132996594,metagreywacke
374.0,2.710683056560309,99.52630082337622,1.3817830065359482,-661.3165266106407,36.79189210704443,metagreywacke
374.5,2.51899002459799,99.52116910120205,1.4015073762838464,-627.7552285664156,36.865828010074644,metagreywacke
375.0,2.7096166140612614,99.51615920313114,1.4517258636788046,-574.8955925597871,38.73989464296136,metagreywacke
375.5,2.5586786101681254,99.5112711291636,1.4990401493930907,-472.9971988795514,39.237386216864365,metagreywacke
376.0,2.708487685896766,99.942550084456,1.4776544110489938,-316.6928862693244,40.937784168104514,metagreywacke
376.5,2.626279286775556,99.50186045353848,1.4770711385680995,-164.42577030812026,43.1249014161876,metagreywacke
377.0,2.7072962720668228,99.49733785188094,1.5359880485527544,-74.66150022962536,44.2235459645087,metagreywacke
377.5,2.6696212149504737,99.8622270898079,1.4758697682246533,-41.07393652122287,48.97336792444969,metagreywacke
378.0,2.7060423725714315,99.48865812087584,1.5242098972922502,-28.29131652660726,51.43838130245973,metagreywacke
378.5,2.705391990699193,99.4845009915283,1.4746219640389975,-30.191503645539356,54.087007453090685,metagreywacke
379.0,2.672541121350508,99.48046568628406,1.4739806492553416,-47.437995414141014,55.9825210181624,metagreywacke
379.5,2.704044362705631,99.94824226517908,1.4733277260111324,-82.74509803921319,57.00569957006622,metagreywacke
380.0,2.7033471165843066,99.47276054810563,1.4726631943063713,-136.6971781636574,57.922570620056206,metagreywacke
380.5,2.688953486234114,99.46909071517143,1.4719870541410578,-204.67495546621217,56.38224867261803,metagreywacke
381.0,2.701905760092572,99.46554270634054,1.4712993055151915,-259.71988795517973,54.09744009068712,metagreywacke
381.5,2.7011616497221618,99.93021702622264,1.6207746031746035,-297.23782556028766,53.129259208938215,metagreywacke
382.0,2.7107351576732324,99.45881216098877,1.4698889828818023,-317.3184655334772,51.49097563618483,metagreywacke
382.5,2.699626564732255,99.8844687589296,1.4691664088742793,-329.02104095213775,51.61349567138476,metagreywacke
383.0,2.6542052162318086,99.45256891205034,1.5600552754435109,-341.4005602240868,51.809698071663355,metagreywacke
383.5,2.608413887901412,99.4496300237361,1.520942670401494,-354.5593946099821,52.167504855259125,metagreywacke
384.0,2.6972067766246814,99.44132194856137,1.4862132586367889,-364.5304670050541,55.774922524234654,metagreywacke
384.5,2.6963689377560995,99.44411771941768,1.4661600282386624,-348.2072829131648,55.641230349187346,metagreywacke
385.0,2.6955154774711554,99.44154430341347,1.4653794119283772,-301.5822860452646,56.9903129870888,metagreywacke
385.5,2.69464639576985,99.9371741359953,1.423329225023343,-229.9852939961787,57.17084736781197,metagreywacke
386.0,2.6006782117041647,99.43676294371501,1.4637833539261496,-164.42577030812026,57.16950524758043,metagreywacke
386.5,2.6928613681181517,99.4345550000208,1.4326468720821668,-110.28484975737302,56.62612029373278,metagreywacke
387.0,2.6347954498020068,99.67248773237144,1.493393090569561,-55.51820728291205,54.01965583923052,metagreywacke
387.5,2.6710327336841395,99.43050458494235,1.4613022034686654,11.89652457837417,54.48457258968989,metagreywacke
388.0,2.6900666660178914,99.42866211355815,1.473951073762839,87.83179829333693,53.591250786946695,metagreywacke
388.5,2.6891038558184137,99.34613603758076,1.4044115779645194,148.68347338935928,52.95455433980004,metagreywacke
389.0,2.688125424202574,99.42534264309971,1.3652855275443514,190.39455671369112,52.5744832482499,metagreywacke
389.5,2.6871313711703726,99.42386564402548,1.4578314844109528,215.3515739520181,53.56208513582226,metagreywacke
390.0,2.686121696721809,99.42251046905459,1.3143006535947714,237.17086834734076,52.584217131939226,metagreywacke
390.5,2.6850964008568834,99.26644550745743,1.456026474118782,258.2044972474317,52.97402210717868,metagreywacke
391.0,2.7200760904695507,99.42016559142282,1.2982065359477124,276.9445252378062,53.25426987738911,metagreywacke
391.5,2.682998944877947,99.41917588876193,1.4541750299844018,284.81792717086864,52.92581654453774,metagreywacke
392.0,2.6819267847639354,99.4128610449459,1.2569830065359475,280.3465398071871,49.66899719103466,metagreywacke
392.5,2.727043734414657,99.41756195575016,1.209184687208217,264.62883173227084,44.93301584523189,metagreywacke
393.0,2.6797356002868273,99.41693772539926,1.451310800328688,243.9775910364151,41.01501479499558,metagreywacke
393.5,2.733928347846017,99.3742807089338,1.1614267040149393,219.46726588147288,39.75667256164587,metagreywacke
394.0,2.8446495379250463,99.41605473700749,1.4493432715887842,191.46532782216477,39.14367469513231,metagreywacke
394.5,2.6763316629484497,99.41579597896661,1.1326267040149398,162.29691876750803,39.81346960956074,metagreywacke
395.0,2.91761952108799,99.4384758581998,1.4473293090066703,132.34625474895165,41.369888141498535,metagreywacke
395.5,2.6739842643077223,99.41564393519482,1.1705426704014936,102.02685781580809,45.14090186958734,metagreywacke
396.0,2.963659940959623,99.41575064946393,1.220761157796452,73.80952380952658,46.30873484810142,metagreywacke
396.5,2.6715743800015463,99.56433629863268,1.4442213016793564,48.09599145845411,48.42666366599156,metagreywacke
397.0,2.9503335435035414,99.41632955031216,1.4431620823158138,25.823425928707998,49.56083113424656,metagreywacke
397.5,2.6691020100299223,99.41680173689126,1.181137628384687,12.549019607846276,49.26125269852386,metagreywacke
398.0,2.899172908617631,99.44353557439813,1.4410088182070708,9.214459754355918,51.979315282504174,metagreywacke
398.5,2.8075072214430916,99.41811158235949,1.1886535947712424,15.805580589113887,53.69218690872114,metagreywacke
399.0,2.6969382539725966,99.41894924124861,1.2258031746031746,29.27686400387617,57.784856509381314,metagreywacke
399.5,2.5688290904734576,99.4666205295529,1.2672687208216624,46.5826330532218,56.97825068928383,metagreywacke
400.0,2.492005107630847,99.42099003133681,1.3240216619981329,67.70919846955863,53.05441140923378,metagreywacke
400.5,2.661309986122365,99.42219316253593,1.4354225098755475,92.67029552159886,48.97281429988419,metagreywacke
401.0,2.4399634267379744,99.28404910339736,1.4342704228275855,121.4565826330545,47.0835576744272,metagreywacke
401.5,2.6585876734889498,99.42496489724414,1.433106727319071,154.08326928647875,47.443220766730214,metagreywacke
402.0,2.6572030850476995,99.42653350075327,1.33850233426704,189.72797428019695,49.81017145524413,metagreywacke
402.5,2.4707216192741983,99.36890476047311,1.4307445109203853,223.55742296918837,53.1265456984499,metagreywacke
403.0,2.654387043916113,99.43003618008147,1.4295459900302139,254.74946608535862,54.24110566544141,metagreywacke
403.5,2.5100158099040453,99.43197025590058,1.3783813258636792,283.6286946853505,54.4185423386929,metagreywacke
404.0,2.6515085171190784,99.43402615582303,1.3945426704014938,312.0448179271734,50.98856134296887,metagreywacke
404.5,2.557377798786119,99.33032442446104,1.425880776596385,340.31730745595485,50.051455037994444,metagreywacke
405.0,2.6060336798407207,99.4385034279779,1.4246358218640038,368.13867731343936,47.23969259750115,metagreywacke
405.5,2.6470735663008114,99.44092480021035,1.4046535947712415,393.7254901960805,48.20985575647823,metagreywacke
406.0,2.647548936713248,99.3328542825602,1.4221110870175844,416.78206753441356,47.78018701755589,metagreywacke
406.5,2.644038825340157,99.44613301698521,1.4208313069035463,437.27095993368397,50.364626457619664,metagreywacke
407.0,2.642498022735288,99.44891986152766,1.4195399183289559,454.9859943977608,47.90270357867115,metagreywacke
407.5,2.661684881678342,99.45182853017343,1.403927544351074,469.8740564637626,47.27291007143279,metagreywacke
408.0,2.6393695532764614,99.45934718751782,1.4715712418300653,481.95280645226956,49.33204819170054,metagreywacke
408.5,2.637781886422506,99.45801133977497,1.4155961018418692,495.8654073485136,48.92547939953161,metagreywacke
409.0,2.586770600651868,99.46128548073077,1.5392687208216618,516.2464985994411,51.24761760595257,metagreywacke
409.5,2.634559688465509,99.42076685150576,1.4129088485477164,543.13931114049,52.20847307310814,metagreywacke
410.0,2.562228164630725,99.4681992349523,1.461124183006536,574.4517068397341,49.459907688774535,metagreywacke
410.5,2.6312750048430633,99.47183884821808,1.4101751614113538,597.9271708683482,48.95039250498033,metagreywacke
411.0,2.6296092309072976,99.17663554493753,1.4112283846872078,611.4492419149681,47.53873565354544,metagreywacke
411.5,2.573243546120903,99.4794835470596,1.3873493930905694,617.6598185482476,47.00108040975891,metagreywacke
412.0,2.6262308187866807,99.48348863263539,1.405987567252667,631.9607843137273,46.215770283491715,metagreywacke
412.5,2.509939698599778,99.32305108242596,1.3875510737628387,656.9914790816871,43.41765313862288,metagreywacke
413.0,2.6227899210006154,99.49186427609695,1.3418905695611585,690.6165198527402,45.98701404307055,metagreywacke
413.5,2.468701210106402,99.4962348339827,1.3180115779645192,720.4481792717088,48.01310611554268,metagreywacke
414.0,2.619286537549103,99.1816952611358,1.4002415899266842,744.3772707458181,50.63617930701079,metagreywacke
414.5,2.4274903984509404,99.50534142206425,1.285540989729225,762.4737975203054,53.91640485775969,metagreywacke
415.0,2.615720668432142,99.51007745226002,1.3972989505003786,774.9019607843147,56.8877834613875,metagreywacke
415.5,2.613914301749119,99.30755570156866,1.3958102180963974,781.7232384321205,58.18651113167133,metagreywacke
416.0,2.612092313649734,99.51991498496156,1.309863678804855,784.0212547740006,59.281765063806034,metagreywacke
416.5,2.431309802083213,99.52501648746733,1.3622199813258642,788.5154061624671,57.835114294266106,metagreywacke
417.0,2.608401473201878,99.18675497733412,1.3912743701211387,796.2418386138066,55.91554316387857,metagreywacke
417.5,2.483646702580512,99.53558496478887,1.448652250233427,807.2783040809379,50.522409458794925,metagreywacke
418.0,2.6046481470885734,99.54105193960463,1.3881924291682042,836.1771224790392,49.58301937802266,metagreywacke
418.5,2.6027480519073785,99.31261541776696,1.3866340460009081,897.4229691876753,47.31793820276232,metagreywacke
419.0,2.518920832503202,99.55235136154619,1.3850640543730601,991.296529766606,47.499944557485875,metagreywacke
419.5,2.5989009972959027,99.55818380867194,1.3834824542846595,1069.8599439775935,47.72378501198713,metagreywacke
420.0,2.5055944350471204,99.56413807990106,1.3847275443510734,1085.1041457035626,51.29457732156405,metagreywacke
420.5,2.594991457018979,99.45903095525544,1.4109460317460316,1037.363224913401,49.375948817608425,metagreywacke
421.0,2.5930132547559746,99.57641209466925,1.3675443510737626,971.2589847387349,47.79110266476627,metagreywacke
421.5,2.538197750111012,99.58273183820835,1.377039969325533,931.4565826330544,43.87310161452996,metagreywacke
422.0,2.589009985980879,99.33823023102087,1.3754003269343704,918.1600455996577,39.95510056429367,metagreywacke
422.5,2.5922782913969566,99.59573679759656,1.3737490760826554,926.8173690205126,36.03709951405736,metagreywacke
423.0,2.5849442315403355,99.60242201344565,1.3591947712418309,931.4565826330544,33.464218380611406,metagreywacke
423.5,2.627524744481732,99.62853144789868,1.3704117489975682,927.5860495483337,33.43063505955513,metagreywacke
424.0,2.5808159914343447,99.61615791745388,1.4050972922502334,917.1680356770364,36.38366849207742,metagreywacke
424.5,2.5787284392568064,99.62320860561296,1.4531779645191412,911.0364145658276,40.479106215565196,metagreywacke
425.0,2.56298235846391,99.38440014133045,1.3653186949157943,911.0994323934314,46.37410058929932,metagreywacke
425.5,2.574506470652644,99.63767545424116,1.363597793300765,915.2054945902524,50.06578237246776,metagreywacke
426.0,2.572372054226019,99.64509161471025,1.4622132586367875,911.0364145658276,53.422571745309384,metagreywacke
426.5,2.560505281470516,99.24304432004028,1.3601211646890492,896.4592461143138,54.039166840030816,metagreywacke
427.0,2.5680563571236847,99.66028940795846,1.3583654376923626,873.803763758332,54.04118622901787,metagreywacke
427.5,2.5658750764479747,99.66807104073757,1.3732317460317462,856.5826330532218,51.159908145999566,metagreywacke
428.0,2.5390834089242924,99.04002320758326,1.3548191583173326,847.1037496927364,51.26565013005692,metagreywacke
428.5,2.5614656508474685,99.68399977860577,1.3530286059389884,845.318001327242,50.86763626741675,metagreywacke
429.0,2.5592375059226717,99.69214688369485,1.3734737628384694,844.061890055713,53.46962983337923,metagreywacke
429.5,2.5569937395815145,99.00144287157116,1.3494126758006435,836.162464985995,52.398479674523905,metagreywacke
430.0,2.488144188741701,99.70880656618306,1.334468720821662,821.5989727418413,51.19589374275884,metagreywacke
430.5,2.5524593426501125,99.71731914358216,1.3041359477124184,800.6547364561709,52.70119637593931,metagreywacke
431.0,2.469393131054277,99.00397272967032,1.2301998132586371,774.9019607843147,53.01753038336897,metagreywacke
431.5,2.547862460053263,99.73470977069034,1.2640619981325862,744.592103760809,53.59152285866607,metagreywacke
432.0,2.5455405866302945,99.74358782039945,1.340169702395115,710.7687990401394,54.42317380183057,metagreywacke
432.5,2.543203091790965,99.0270576848251,1.3153897292250232,679.6078431372553,56.46141698548843,metagreywacke
433.0,2.5408499755352736,99.76170939212766,1.336391253809037,652.1886514998132,56.57582083251565,metagreywacke
433.5,2.4751222365026857,99.77095291414676,1.334484616825169,626.5363713510518,57.32955640154372,metagreywacke
434.0,2.536096878774804,99.78031826026918,1.2829998132586369,591.1204481792738,56.48356196810951,metagreywacke
434.5,2.56698166154263,99.17347322231356,1.3353964519140993,543.948213067252,57.90822138772461,metagreywacke
435.0,2.626403832546173,99.79941442482404,1.3660115779645192,488.07111306313317,58.87231356221818,metagreywacke
435.5,2.5288500730113856,99.80914524325647,1.418408216619981,441.3725490196084,56.57187137095198,metagreywacke
436.0,2.687258279911818,99.36099895391328,1.3247773049975442,406.8856191779312,53.23932201411989,metagreywacke
436.5,2.523940762087297,99.82897235243135,1.45785695611578,383.6834688549894,50.71245266619423,metagreywacke
437.0,2.521462674500709,99.83906864317376,1.3208131210426277,366.49859943977935,49.0024332141399,metagreywacke
437.5,2.6847812029184244,99.84928675801953,1.318813616374341,354.4504847637799,48.3628811791241,metagreywacke
438.0,2.5164596350784487,99.85962669696862,1.3739107376283846,346.0602437737613,49.04863331135479,metagreywacke
438.5,2.5139346832427756,99.3859813026424,1.3147797816561095,332.4649859944002,50.82413484700729,metagreywacke
439.0,2.666113175744745,99.8806720471768,1.3127454516061656,312.15399615452196,52.67593798499128,metagreywacke
439.5,2.5088379153223435,99.89137745843591,1.3037527544351075,285.1590761377829,52.68693984168431,metagreywacke
440.0,2.506266099237584,99.53239684013086,1.30864196612462,259.6957913394545,51.00433964308641,metagreywacke
440.5,2.65014364026778,99.9131537532641,1.3598804855275448,243.9775910364151,48.785825620709495,metagreywacke
441.0,2.50107560281898,99.92422463683319,1.3044920468008652,238.04262546750124,47.58543113867293,metagreywacke
441.5,2.498456922485135,99.9049184452311,1.302399674448159,241.85274439387638,46.15615157398032,metagreywacke
442.0,2.636872596487528,99.94673187628139,1.3002956936349006,246.72544162957246,45.74840150405005,metagreywacke
442.5,2.4931726975683595,99.95816823216046,1.2981801043610897,243.9775910364151,46.70779779617087,metagreywacke
443.0,2.622169276345176,99.92737093586108,1.2960529066267261,233.57290223218675,46.74707527105818,metagreywacke
443.5,2.4878259869861363,99.98140641622865,1.380801493930906,217.0202080169922,46.315416385353416,metagreywacke
444.0,2.485129199570481,99.99320824441777,1.2917636857763424,203.1372549019616,49.41538854709078,metagreywacke
444.5,2.482416790738464,100.0051318967102,1.289601662660322,193.41281891134608,49.78348455487376,metagreywacke
445.0,2.479688760490086,100.01717737310595,1.2874280310837491,188.17865064057094,49.52214827502857,metagreywacke
445.5,2.476945108825345,100.02934467360502,1.285242791046624,189.5238095238128,47.83829627650602,metagreywacke
446.0,2.4741858357442426,100.04163379820746,1.3834771241830062,197.8090506988974,46.021441741058425,metagreywacke
446.5,2.471410941246778,100.05404474691322,1.280837485590716,211.7309999806916,43.24861310461526,metagreywacke
447.0,2.6375368405974884,101.08530806999411,1.3837191409897294,223.55742296918837,39.3278439315513,metagreywacke
447.5,2.465814288002763,100.07923211663476,1.4208687208216624,231.97633206761049,33.49937677644141,metagreywacke
448.0,2.4629925292562125,101.74444151557756,1.2741424639527112,237.6016548705376,32.22655616117453,metagreywacke
448.5,2.6606954347228804,101.16984749480748,1.4674972922502327,243.9775910364151,29.70058954931531,metagreywacke
449.0,2.4573021475140258,100.22494549477392,1.2696210738912797,251.70847893330796,26.46624318406631,metagreywacke
449.5,2.682421752486169,100.13106874531779,1.4865762838468726,260.7825234400501,23.87626842472349,metagreywacke
450.0,2.4515492801063914,100.14433246274687,1.2650532499876384,271.2044817927199,21.479748151521534,metagreywacke
